CBSA,Latitude,Longitude
42823,47.73923608905666,-92.02079266228486
26298,46.62484600764346,-120.36262534688841
38505,41.8323626169892,-84.47350726879625
16689,39.14466524790579,-120.54597586362141
36893,31.737542491188165,-77.404272984063
46572,33.80697070605892,-121.54705155151842
22335,27.163236754099053,-116.16834928240887
39591,43.8665991461977,-108.3188673401737
28948,32.772874429691484,-87.8982068411344
41067,41.026765576724976,-68.34753132101557
32241,33.58227465276672,-117.28409740066374
23787,36.143930593510305,-115.86566285480666
15128,38.320059337033484,-102.97438738804412
19125,44.24445780137449,-76.33550914794675
45041,30.06775306097633,-97.36783569320359
13510,34.570369283916556,-105.66819578541816
26441,28.12195772540362,-92.0113815640949
29463,26.818252118110223,-109.15017774559225
36283,39.512184548051,-101.13388528689131
46216,29.538185064613664,-105.04150649377361
27407,26.43518420622637,-78.16396172236517
20919,46.53035034895373,-71.31742359303396
40866,37.8235460748495,-80.70438504705602
44436,28.23107697767163,-98.97223616629094
22701,26.282227058741192,-95.25290628269016
45676,27.876641281927746,-116.87079944602216
44089,36.31209376769473,-81.42871146533135
31261,41.04316612405354,-90.0008862744825
36173,40.390721799665094,-72.56092022016612
38283,28.466154070347965,-112.56516481621627
47266,40.203734844105014,-80.6956110498411
42506,34.716774981222386,-84.9737152820062
43381,36.15385082318716,-108.84680457284412
49380,44.23432974988761,-85.95941754617297
30845,32.97998494431132,-71.31071730713097
10252,28.52797713192049,-71.64914870297423
45119,45.96287520559217,-82.98128525257994
13434,30.091133820792113,-121.25983258555857
11278,32.056716893311425,-74.28093277275079
18285,41.958161413662936,-86.50661940074122
25215,41.40520760938257,-106.30524756858414
12624,44.20960051081189,-113.32672938277514
13698,29.412799394750586,-117.37637980915292
16039,33.45471743954088,-121.13649674230763
14095,28.021197734950267,-81.01611486680687
49574,37.9849395320465,-110.55694906023331
24775,32.02169422092883,-122.61758264553445
49974,41.53445538420551,-101.3555728450066
24518,25.008264831628985,-96.49139640623667
10314,26.4323919630299,-114.35387683869277
15787,35.38144721246424,-121.48924483873466
20859,47.99641974341364,-113.21984746341008
30809,46.38043329662039,-85.29114257531526
32987,48.856216673487594,-119.31211039668123
37031,35.003925396737074,-92.36288925825136
24998,26.117643670570036,-115.6545166892345
48588,32.342947408474295,-112.8457171059161
43052,41.21850045217484,-101.59456065379817
37996,28.243931434417966,-118.25295584493732
38904,32.19933229024002,-114.12740034141387
38177,26.347987949076607,-104.1097125472728
42862,36.39920892136562,-105.2088666865931
45302,30.01409626468211,-81.29152531648327
41370,27.189952645576057,-119.73740860779381
32667,34.869179427579496,-74.95430806701842
34533,33.42940970497972,-77.47476626785107
11566,37.90042568669182,-80.3384765375595
22296,42.97692772752734,-106.36577533960144
44134,27.701649674236126,-77.09573822417511
26810,43.98701416504021,-113.580281423511
24470,25.63095951700432,-116.90867526626339
37084,35.63444565990035,-121.43748899109922
31047,39.098326885261166,-70.45930930868218
46979,47.96796815535514,-106.4433788307994
42734,38.77415264487159,-71.69578082985936
42798,28.809980638513327,-108.4610269933982
32898,37.42100332825382,-72.26874031782808
14859,34.498814732593985,-72.47604398777297
18648,36.504533622405845,-71.35046543438936
48406,29.730328351818095,-95.71925396080096
48975,37.01984901547053,-74.64106165246315
13719,28.600954342981044,-69.80634391846274
25280,42.857033936580876,-105.49683431186077
23125,39.25375024541435,-100.12415887609436
34168,26.8846645982028,-83.00330932186259
41578,46.35074723029551,-106.87949016177186
25146,39.79311051077532,-81.03286939197844
41543,32.586569323067955,-119.78814772282857
35649,26.095417588655447,-94.16059209555308
47863,40.173440698519194,-117.02813140722652
39169,33.962566272360085,-107.28056184310944
24075,46.7828345170837,-109.2583526282711
30451,25.837067985140187,-76.18087180692802
19536,25.93845844821384,-112.96951644184675
20642,47.78318288576645,-77.91846855093021
40745,48.156974696308154,-78.74426028324845
14750,25.665813442543325,-95.56366583323789
46513,42.18479763859186,-110.67093443102061
34787,30.315876455892173,-111.0669086224953
17306,41.83342639086574,-97.49929511439667
23143,45.84958711979161,-123.49788657856956
37415,27.41995549269461,-93.71300698715213
35484,30.73039400228901,-69.69156703127784
11484,25.577864039835877,-115.181707733832
45900,26.05191629066658,-91.3192995758906
23253,25.71082859722658,-69.17861474726595
18891,44.216376554233946,-74.95023804897879
33163,32.15902428233864,-75.52833336626361
18895,36.83707454972774,-77.15455396741723
36782,43.90826232632839,-106.38565445479742
44569,36.878647904961234,-73.2348406177917
10816,35.300705502990304,-70.34359997970924
16401,25.277756955747012,-95.73983187195475
11464,38.63294806088215,-103.78945030621085
37809,27.993833875290072,-100.38894611046621
47677,43.35155777898463,-104.95023281561787
16275,31.18570537156047,-111.89214880460122
38737,41.18049785940772,-88.7484371955853
12507,40.509364667792305,-91.93197748401658
31746,39.80021447032048,-97.63265095076129
44165,31.406848180892624,-118.53681295896459
21897,31.410154652213635,-78.577101011758
14178,45.71315304259192,-114.02878692320502
38722,25.30737598313025,-117.46996352642526
31802,29.35654320289499,-88.48493045747199
33587,39.64410202340764,-101.27727140944978
10625,44.60911010567607,-120.59091690491722
29903,33.60029220814861,-103.73260376721969
33138,40.682643006659205,-80.00851991975712
36907,38.37175407088567,-88.93079530262544
24857,26.54896250756885,-103.32119668974119
41835,39.922004726336276,-113.06712687682848
26367,44.533683334539845,-87.98764961412792
13705,48.818759687185825,-73.40934784605776
16224,25.711361743641348,-87.16245507309291
30856,40.84139614201283,-77.66448028493721
45489,34.94918927555109,-94.27291320240084
14273,25.234909328948927,-83.07564691576135
26293,39.74466264900427,-72.9150738946339
49520,27.938255165335253,-79.92879823925665
16892,34.08560440453928,-72.1383246563057
38785,31.272810219721656,-99.42504267938459
22619,33.66792165450639,-72.45944545775777
28636,36.82469395602279,-88.57066763454267
19801,33.62102877974834,-74.40722033334346
19836,38.26556489414894,-121.75553776504339
27162,30.72759256558849,-86.50241423092845
25395,40.248682418281156,-75.66542050395978
10734,45.49031209899648,-114.07048408233761
46023,30.377609125965098,-86.27814479249938
30962,37.18905318053494,-76.97758128965201
42044,40.568554829197325,-107.58688593093969
44194,38.551027149121985,-100.90095930933566
42370,33.775586708613424,-91.5374900455445
43013,40.41279299213796,-94.40744173357996
29822,25.67790894904183,-121.76620459688327
28529,33.87774956791439,-118.37569040913144
18153,37.78269315138408,-118.2734049796514
14741,25.494715812060754,-109.05072938654702
44382,37.1835719124232,-109.98574557026039
48990,40.70210705837508,-81.69332412415243
21854,43.220984745113086,-91.35356999707976
18476,27.720977953826328,-80.45336317522126
40441,48.773556997400675,-120.0159247275804
48327,39.548024832042294,-96.34278846411877
16596,33.71665102269592,-105.54479198187964
32991,30.97822850696113,-75.55345928692246
24803,38.74952468040195,-83.65601805613551
15373,46.1610795319977,-74.4522671628726
35796,37.493569507392756,-121.35365402285457
48261,40.875329334519044,-82.91306109470378
44487,33.584714548973444,-93.21952392690406
46135,34.315654914135344,-76.97499834611276
17481,31.86820253852541,-95.0918463172282
25199,41.93529506483775,-93.20808255959119
40361,33.62050128199756,-121.04925928630229
16521,29.57719369698974,-85.89419669294989
25468,33.86561370798971,-108.43102709051215
29591,45.49185298798615,-122.87744643580723
42377,42.71804904584616,-120.21308173715629
38680,33.031380267125535,-69.43472028893655
35456,46.76341515608085,-104.27359449394872
45770,26.795983242819208,-74.51968916859394
33096,26.19409099392744,-69.29839765805241
30818,28.05928851484579,-70.2337702362726
20080,27.794914140606473,-73.74166128013306
31151,27.10802356029617,-72.99389698970585
33659,40.87222268795182,-107.52654147256577
43372,39.420217111730175,-115.36621625515957
35949,40.542532253961156,-87.56203396098834
28068,41.52078529988872,-96.17798126347704
48064,43.165114059536315,-118.37143703437525
33738,29.97224625967385,-85.38014498672258
31789,39.935284317635194,-91.91697957336791
37296,38.92116782407296,-74.80515815380497
27047,47.64784061928337,-89.27652364576127
46949,30.576825381751565,-91.28506775586004
15525,26.409350424983955,-98.87715177004021
45929,40.68388167314904,-97.62113701633439
33530,42.764148165681085,-69.60027006219039
19207,31.796704139381216,-116.10857746418635
29174,38.700362342552054,-98.56552734081534
27176,26.428865572819614,-86.61784766616995
42704,48.041076188038936,-99.31839320134722
23596,27.638199359180046,-107.8567092586768
31671,26.621692867647898,-107.62062986651728
19312,26.058643827870856,-110.6816053633102
41863,35.25452575608047,-104.3975175667639
10953,27.33183384297256,-74.31453779173668
25686,42.871557782933806,-95.20220063158928
10465,46.572979855033736,-110.30639249956435
29649,31.24525437579657,-102.08197712948765
30297,40.09055486203357,-117.96766651152163
42489,26.016122728283626,-72.46996283489193
31443,34.27754732062709,-100.73272357078838
44428,32.03061072226548,-68.11770133819468
40291,30.48685831456861,-104.1902899240364
49029,40.473363751088776,-76.3277053080541
46574,28.125470712604873,-109.38603714238717
33732,45.65705255912772,-119.65928507747667
34823,40.956061752849635,-122.19119838459336
20026,42.057644288513394,-89.44839968124734
23962,47.44826340778404,-106.24030071460541
14056,47.61694891606035,-98.71936681287778
40044,38.23965577166166,-77.33711897075466
38501,36.88911561486353,-109.85783911539627
29237,33.04915859744584,-106.40680882610994
45521,42.173718644859235,-75.81583745165597
21212,37.91701328751551,-95.91255041942027
38232,47.38900191376299,-76.82308547800821
45914,30.72702276910253,-102.65486780241997
35661,32.44606447001178,-101.29291109285481
48732,32.58617073807925,-114.4731133786394
13108,44.34396290936097,-71.76828634508692
39644,27.376967964211655,-72.88332944128126
21198,35.93557890373551,-67.8996301698079
44600,35.26193768735314,-101.06051375132644
16550,26.755350904330207,-77.3389483197574
30004,34.85912796506433,-100.34763729468924
13438,37.32107159881555,-98.10496903150455
17431,26.562512620117918,-76.690034565095
42585,37.23669108267202,-113.89009405947522
33981,48.02170971240163,-111.44227673568011
43117,48.49394375587677,-106.06049029743855
29662,37.76031468615547,-79.07379514749672
39713,37.36232638247101,-102.75886168601929
24121,31.852195993993394,-103.58441212799659
15683,48.93077132109044,-67.06746832045121
16216,31.581500104605425,-102.12304984332967
19701,35.86963121055895,-109.87707943001155
17369,25.070417387264236,-88.47682034254623
24867,33.381574981819284,-78.29284273856496
11487,26.714567214611773,-120.03235347777992
37647,42.851794489243176,-88.72314282510692
33971,38.46434687271837,-121.96307901482719
48027,38.732125054903754,-93.99905599416748
34750,31.87627086159287,-109.35148086580487
38672,44.55751096607136,-106.52142323262842
41861,25.078502207950002,-97.37553005300418
33087,33.00642829994061,-71.15487473750153
31287,40.82793977101282,-83.49196352449104
42681,46.7901408980061,-70.59980101178371
48553,30.630782966205594,-86.38165274015537
16072,37.98640124145803,-123.594858415992
46916,37.91179409279971,-108.86164375118237
24913,45.9801848570488,-72.37096306993868
17414,26.212405349436217,-87.32360530483855
14867,35.18741346569698,-68.04610751549433
19590,29.37917619500636,-115.11005090455716
18191,25.516782407166353,-107.08537351292838
38438,28.528742572491588,-103.34504340752893
35753,48.43529614835678,-105.3862043644633
37640,30.15636422848643,-109.6364827814568
18986,47.4407385600592,-98.72245420186366
27306,29.9261042231426,-87.38900696794585
30944,47.351085457227626,-106.25835539545832
14280,40.710902444807544,-119.45710437108742
17852,27.71724586004624,-83.6136459670897
28314,38.965963723037866,-97.83605632046769
40231,32.644336900966685,-92.2805085528664
14217,34.195675743473686,-98.04216254165684
11392,35.56410298803935,-73.24962230307011
12915,35.14496854072803,-92.15153516151634
36192,40.938613371592695,-71.37322012845027
37625,43.44083364617832,-94.89720553130799
16946,32.90026454082691,-107.32247475230393
17656,47.184735080456555,-103.7397725309568
27990,47.523191536453034,-94.23863026566723
19535,25.97657049162744,-93.79060204511451
24712,25.357810933192443,-84.82175101170992
22235,35.201591923625465,-111.20379228536204
48599,39.175486023703805,-86.4459547019664
35295,31.66971393884948,-79.62048352229712
18054,31.225930026058585,-85.43425660038156
25953,41.28001191302057,-96.53579774039733
37059,39.44090283173367,-67.47420288634046
44568,29.01152499983463,-100.92564992963467
40690,46.22802311836381,-117.92433496894974
35545,41.319425683865674,-77.17425972178145
21641,33.7018299800562,-111.90453052381616
40888,41.4069925597876,-83.3427223445608
48610,27.703674082427582,-113.79835188523782
37150,36.23814698977735,-123.03798872109745
38342,29.055625829429424,-114.89147958402553
26794,25.99434990708248,-102.51164429517814
15183,33.1198304869192,-117.9227599136015
12494,28.617651603538796,-112.73229219856613
41545,40.20443096689179,-80.4163021719896
18248,41.177629456425045,-80.11663434530354
16839,28.56861534943848,-77.40317105011434
40997,25.59071213448223,-76.05415151678723
37030,44.027453479243846,-100.03515400701593
10109,25.049368497485496,-74.54966934046888
40588,33.25391414041093,-94.02159812419954
25259,36.869999153096074,-97.17596433464753
46153,44.64741252492239,-83.04342924724078
32428,45.125407425907376,-111.81235055248528
25497,42.39854657465093,-78.99864952083409
49191,30.93274294095755,-99.52044788572641
35404,42.2844864236601,-116.74416140178566
22933,30.9169407490466,-117.19922092953284
42609,30.15059660156084,-114.6003156007381
36726,38.13107090153278,-73.2373541481044
46532,41.2925066520175,-67.5165441312343
19595,26.273242381880333,-103.65249344552684
33166,26.440542426990604,-107.34780042429804
23019,43.82009648360295,-111.53005456212277
15478,45.62793402317152,-77.042460801467
32761,39.506581992205454,-112.07517350212406
15882,35.29187223296526,-71.32686259397462
44398,45.28759551038046,-85.96102839863688
27967,42.49160878660793,-72.8637158748559
24668,38.91026076235045,-92.42143829953366
11402,32.67417092677032,-84.63124785559768
39008,29.75188147976359,-88.69088826251067
26315,35.048152942516374,-76.62185898954357
19289,31.883741823045078,-76.35593376240479
26900,33.14220610562706,-90.38179900882787
20226,37.37514532748878,-87.94706398820298
28628,29.058254966838636,-71.45307253162369
39898,44.34824032177181,-70.99761041399674
41657,28.492707081154418,-86.13776231797465
35196,36.54384734610286,-123.55800614412968
42148,42.90331211393048,-118.04856075902536
28992,36.64049698455031,-75.09727568885828
49238,33.66452952612733,-119.17129536686431
24146,36.39739133974602,-111.82940669126121
11670,45.36809677297937,-110.85883922736585
43645,48.77036075881498,-89.78661812254542
28304,40.14743894294645,-91.13193052062545
49586,44.04265702356882,-107.50320116503718
41458,25.34772846782293,-112.16615216259876
46494,46.12874582858974,-80.42167429812388
45228,47.89719423827003,-70.67899913045936
44617,38.80406420218169,-120.99007624476299
34219,43.09131668944528,-116.40871362582281
40769,37.305873831041794,-87.39665264377467
28611,31.868889770934153,-78.14683725472874
30395,45.45395132759231,-78.90224587974522
31900,39.3240810879026,-82.97806027428672
15040,38.90519401099377,-73.41660659360875
13876,40.81917289218895,-111.61111386446368
18317,45.54407597989236,-117.88441604995901
30046,42.565747018503146,-88.924310704792
11911,30.066980661177887,-77.13027418316435
29151,36.20376506577567,-90.82351602660734
26675,48.52715996766895,-69.10914321484235
47363,38.30945713030659,-78.652825700668
25214,47.51788848329917,-84.05486734817214
13219,44.520867671513344,-120.56533442031119
19192,40.98456260341021,-117.85869239229412
30728,33.38476486383412,-79.26425494230193
40821,32.30366434061054,-112.70043824210933
21081,40.44210556714211,-122.35639496349754
37003,35.38146978031386,-72.08664091242301
15501,44.17008694760145,-73.22409369902965
42523,43.2509617489647,-111.54642184780496
49925,32.49113168172434,-79.52824328984158
45083,41.86549079348229,-121.26515931093566
45550,36.86920456233241,-107.751693782074
48908,32.759010419535926,-88.45098622937238
11536,34.91119822635136,-80.49879721897203
35524,46.48844481309429,-123.40724623907319
40532,33.62842461094097,-105.40610904339658
45967,31.897582559666994,-111.78230307637058
31193,33.44337329704331,-67.06951687232275
29244,30.1508424690086,-85.75401275404161
28734,38.071239697511885,-100.8767271858546
13074,28.538474471740773,-119.68780168710096
27520,44.61865087448599,-89.87579532210307
46669,30.413925933895026,-87.42301615664434
33182,39.353320660951496,-77.4648621323213
28808,28.000611974077444,-107.55111938359627
24832,48.48287555714383,-68.05859941263449
12741,35.90981101344753,-98.95045285910487
28720,44.73211217821155,-107.13120598440887
26942,43.44754805559961,-104.1383879619169
18829,42.128633131496294,-94.38359498087394
15100,44.85675690891063,-70.60801082309374
23925,27.41112660783294,-82.09594851859417
30937,41.28393273932709,-91.1047499805644
28963,31.379853646570748,-114.71980788514787
20741,43.860919937598155,-115.48686127922032
20428,47.964850236349335,-95.37477591262686
21965,46.6357487162247,-82.46360383770599
46824,27.758853339367988,-81.19230615295872
36540,33.8692580961477,-111.12288011905326
18739,33.74374617274239,-118.29432776770656
12182,27.935110392628737,-102.085723612534
43976,27.355025280323858,-71.66416503508776
34428,34.23736323926036,-92.91406659784522
33670,48.80971721191627,-105.75431329058887
14630,38.6546236255906,-105.55265290467007
13461,39.922759086502154,-116.47103842233545
40884,36.304453840448375,-97.02624704194899
37205,40.89593325529655,-78.89232732465422
22623,47.959889937874465,-68.79215458294155
26144,39.12875088674541,-95.4090850023954
12158,26.56092303330864,-114.46874979696676
34572,36.829373660036765,-85.07182721123672
31641,48.82603055804683,-80.86289346351816
33875,34.297665294262316,-119.91311428288317
43327,39.253149693147336,-75.54206961101995
28926,27.559282322291608,-76.72862377023613
46578,28.388331969677605,-97.06515991977028
41266,45.9923548756951,-92.05591643889551
35511,32.20827107803868,-83.33574036847762
14672,32.33083056051023,-85.42535687141702
16972,34.29311190405588,-123.05744924298709
14265,48.19548814970854,-117.02118768063632
40059,27.025371904885034,-114.732338320469
36618,44.65033846123204,-80.92647432289036
22435,33.197389035183676,-98.91523691513433
25117,45.3872326236514,-92.90635029595097
31124,48.80213558810902,-79.9568160969574
25518,33.36801784508195,-104.56401066334682
28310,28.104552789096527,-81.31325704282993
41487,28.465011951590277,-98.7889413461151
16181,43.20978138278046,-102.50072929687022
29034,28.478117256115276,-105.01687594887981
33441,31.250117644831278,-68.99814551693419
25499,29.905560247889916,-79.9975155895882
17560,33.53628553674358,-122.84883137590883
16742,26.7847978035925,-69.4273172684625
42484,45.561819577774195,-79.79994110557962
44244,45.64351148322385,-115.49704127610744
19016,34.91038956358456,-119.64872685155493
25607,39.69010165656341,-106.43293666141116
23835,40.40683770170331,-88.42165282727447
44735,42.98219476830229,-88.85683871848036
40490,37.49656210105722,-108.27654286649444
32160,37.24806509060046,-98.59652621652718
45784,40.15129065587706,-111.92226112431707
41092,41.87316149607706,-121.11701494549597
12308,33.32056904870204,-94.53268335666792
44677,32.928891358451565,-104.22150534763384
43250,31.47324169830182,-93.05570135901799
31535,38.172317327505965,-70.04908261918425
36644,33.64373654933854,-115.8278922333667
15426,37.96751842498317,-123.88816495627555
19841,34.743634379846114,-119.61794184291887
42964,45.08162038126386,-97.62562712220715
40647,26.755125753891058,-83.70487430126755
17721,38.73305424651219,-90.89647461092022
16188,38.814970014092744,-95.79100737969642
35086,34.209215452928795,-103.8241015277325
21127,35.10450146951544,-106.33147222270445
14785,44.20315266119029,-102.55168801901614
11796,31.736169046248037,-89.13680762148294
16620,45.913690994227906,-114.43802451566444
43770,46.51223929923264,-80.03236126588634
42899,40.614863305652705,-91.21056531469272
49704,43.54858512899436,-108.65808647614863
25341,39.710740680507726,-95.43428111975683
49507,37.6062187299182,-69.12161480194553
12541,48.200266102005514,-122.83198283872395
49992,31.78371914145914,-112.62720946862994
25002,28.699622719434693,-98.44232632551315
43202,31.899648715420366,-87.6089358585498
44429,39.75101460110668,-111.90298882172735
22923,29.44440251442745,-70.90997494255681
22029,46.811537037431535,-87.37339529179539
13899,34.864585615969425,-73.98637890948346
38335,45.39910907900425,-105.22887797573185
29771,30.981677068691603,-76.74962574452212
15034,32.51604052198594,-102.44150463673157
20628,26.42136153213992,-109.59314896971132
38383,31.186424612453774,-72.0356456676638
21082,36.767531655119235,-118.7435468863053
20007,47.70728602535782,-70.25533862478497
10967,34.33367137339596,-97.86463326554649
40717,40.3538531076003,-67.42034801130589
44829,35.26504281925091,-93.24310473710335
18713,26.12300441843059,-80.82317419130872
37536,37.08478302152086,-123.59695206873377
25361,26.5819275208941,-95.68999126227058
11557,46.208798190340865,-81.96515211776743
33967,43.072887086821936,-79.3788598623684
12644,34.08763531005679,-114.99123079170892
15654,40.36524798859095,-100.11865582818162
40061,27.68867572751997,-100.11289838719769
27258,41.86131968710362,-118.09247391555381
19392,44.74557781579527,-98.7464060615864
48571,44.72189556491763,-77.9957013543277
36333,31.82266114457574,-106.88969795571774
28923,31.32990868664384,-99.34325225204866
13792,37.513544509664285,-69.22535495145786
42560,48.226531886316366,-122.19263967418095
21470,47.09255146254605,-90.28325922996473
48148,33.631323562143564,-81.62414276867514
28233,43.715908148393055,-80.62970126022283
30377,47.11162633819498,-83.19153258160947
25017,31.26223517722252,-82.59226772229913
27315,44.92709559047056,-120.63627805663616
27484,31.42949504582024,-93.55421270922903
24584,33.238771021293054,-79.3707629155364
16434,29.7716965804181,-118.63829220487222
38349,37.169915177745125,-123.31315442394853
41018,45.23946146226979,-77.5699755988195
31239,37.67325129845229,-83.39921990871011
33589,27.962560232634342,-100.50423423587677
15421,31.04262237345208,-70.3974033432722
28629,38.50868481475213,-80.30390860486614
48989,38.996498933693445,-68.83192632842508
19103,38.845741685076874,-71.02903020579436
23204,26.848083820149185,-96.56626463017949
14518,43.0887014232341,-80.98158821731674
42820,46.82627677573616,-85.85609083796459
25576,37.252454745517596,-77.74762302472799
25069,42.25190288252471,-79.10176107169346
19512,46.936371808877226,-115.26577770810607
14146,40.42294611875238,-110.67707468691286
37817,41.183817386345225,-108.85330010087866
35529,42.31370592121491,-77.3455821246304
39509,31.252058834897564,-77.78772287603624
40592,38.984268993203855,-95.7658852244518
46726,45.21220274906695,-90.8925612226405
30042,32.107905526258016,-76.86543728080122
29518,46.532091990324645,-106.18216476136864
17646,39.88916679437517,-121.13980971576729
45233,35.15619643439335,-96.49200301808747
36291,39.95639107360703,-71.91812280062571
45994,34.64463773653783,-78.94330912527585
47388,45.11285444435619,-103.10281372281631
46080,36.57564592162233,-120.3080324524783
25550,46.62912063410408,-87.69558819319693
18321,37.235393940347834,-76.43402463538035
49875,40.848841351297295,-86.0979317120856
12116,48.94586610416441,-99.77074410850787
27714,28.527180184204987,-116.96884404879293
28012,42.68149956960174,-72.08586808417077
17070,28.332933469982407,-108.27037543205716
22955,45.13279277834551,-111.21563891990132
30041,39.31488114788828,-77.48933006024971
23022,47.51582945455502,-68.07046349274015
17449,45.782958446676844,-86.37086525154865
32454,26.79692889925176,-88.3858021256006
43837,28.295261000292662,-105.79244045439944
14325,39.428102286563806,-122.83643331094763
27460,37.4395513586098,-113.06752164810555
20865,29.04556313472267,-90.6874651162754
24597,28.104621478519597,-115.37496167648541
20393,38.53577880259871,-73.62135900491435
26072,26.174117151399987,-113.27575279238555
33400,45.96964727088253,-94.2400461783216
23815,44.36999007526289,-94.81524499117869
41608,43.84887932106614,-89.57509908260991
10608,25.383931528977786,-105.33625802607177
13946,26.14338264190571,-74.20855053927703
21857,38.19613890761749,-98.67481244942104
44781,48.86621653346026,-84.09124601201529
19672,33.215588823312444,-87.75308092489792
11647,33.26499559372826,-117.32210326217691
15707,28.2226712046876,-88.50955689595115
23594,41.184059289748035,-92.60994735507754
31532,40.52024053585613,-72.77956839441336
15941,27.431737993099816,-73.7900317203605
25553,36.21789488964043,-115.39557711753616
41033,41.00979781172738,-119.34394670156337
19451,36.84438727172625,-107.20824350498049
24348,41.184725964754136,-67.76306716899441
39693,44.590489538355754,-122.77029474483994
12133,41.45957039492242,-85.64514234434603
20644,39.786741659932574,-89.3147171710643
20030,45.486166166667836,-87.14503801390444
14152,46.614125628874916,-111.55770428306774
22522,34.3332744922193,-111.07711128940855
21489,29.157997305373264,-99.453401316092
40349,44.628649696193214,-118.53610499718349
38213,30.130074575187596,-119.74704708592041
19205,47.294816073978055,-118.96351115129247
12875,25.54907068532568,-91.34018723554331
24170,47.11050838286329,-101.32871415682006
39842,39.14039182268951,-107.26384350253541
14775,43.59381079630916,-105.99829535987558
10198,34.56382208954571,-112.1848515666028
38131,48.80119100581312,-100.5441958866497
34201,30.46123426159097,-112.42569005560186
32853,31.344247903316194,-84.21137558893804
44906,26.234378656899352,-116.93584677872565
34935,47.57136071347452,-69.95020117889175
33566,35.944703286368224,-118.88032041274491
23924,41.196457953264385,-70.22273928604707
13564,41.498577459108176,-76.50218662333683
37349,45.988050214784266,-85.19940912503732
27496,40.958206015513824,-71.99880563276744
36444,38.48850837530049,-116.06452876950952
42434,42.04764458058504,-113.95005787134582
43634,43.023299176075035,-109.6273022526475
29931,29.46227070996357,-110.04574297434422
31712,27.632008935442073,-106.28164855715187
16926,26.796372411653515,-91.18903879843367
44127,33.97728386854088,-122.39416115560904
42211,36.95200575610588,-102.21046208272138
27516,39.77559755895666,-109.956047710122
25406,47.99282847255064,-89.42209866099485
28918,32.93890768496815,-67.84534813006246
23552,43.26097724985459,-94.49368710554776
30352,37.75258287027724,-99.73594137024926
21893,30.282158370086005,-103.01011792672838
46710,39.76733029909022,-79.25789452384811
34436,48.212228278952885,-119.89708689590856
19694,27.98339918203054,-69.29308067577307
26181,37.1747143491815,-100.1786804986814
46934,26.238600499612676,-106.11905862796856
21551,32.70919117351269,-68.47811736521703
27609,39.89446426225579,-70.65490479513761
36692,45.18536646473811,-87.4097540333539
39085,42.527882121425705,-122.94507963352713
45877,36.10856267717138,-81.3335063562254
36648,46.82134617049952,-104.87322819760593
39028,32.26515196057049,-101.86802684130711
11453,43.09560184540399,-114.95169864828885
28486,36.3762165219439,-94.16288921970073
29321,46.56725811214662,-81.56050201638533
38700,44.13838771969024,-108.43836626869509
49041,46.635271871370286,-70.49222424152762
13265,30.14194837460976,-112.8999992078316
20508,41.03561037078899,-120.22304658611729
30497,42.723121793959365,-87.27125921905565
15775,42.81794236678225,-75.58883228283733
42374,37.096010811216104,-69.67142701947179
20424,25.270012536350862,-80.27125240055842
41887,31.2743388128578,-112.61994934415388
25267,32.75922100010514,-68.27331246618738
11866,45.448878814762274,-71.59215506635596
30120,45.181259610501286,-114.69945690254049
42491,27.512322496906798,-92.14920786582651
17870,47.796061162510185,-92.33550672193421
22119,29.378979679635783,-98.77551764662016
42005,34.94462683122211,-67.89596417519775
18913,30.16376718665813,-120.60153248072739
22309,45.64797925190458,-88.24909221871567
49048,42.985648764623484,-112.29769350730783
22690,33.4846913653073,-93.9421213303353
30018,41.36508702462533,-79.55477600811143
13001,29.424805220117015,-109.93657221939286
46911,34.17513021702404,-101.57850585046053
40204,34.0505821201146,-69.80621976601725
26631,30.710480361313547,-80.59559794994234
29331,46.03148918998918,-91.35477848282537
31643,41.29229765149903,-111.34614889501715
38078,31.718543453531183,-99.75759006377777
15815,30.810898255096895,-79.87850481415441
47060,25.430883303981737,-77.22904454773135
10262,33.31797409101651,-110.05744670588327
18442,37.64251079956764,-86.26256800622991
33943,31.665062605801033,-118.5848294489662
25914,41.81099863431448,-122.67689847532353
32456,34.88198869627039,-92.72558636431779
49499,32.59162808825603,-111.21034830601556
13875,47.53738381096795,-119.50201421919843
23039,31.30722105491534,-82.39978616497189
33686,34.558182882319755,-95.61544846321523
43253,34.174978924498525,-78.61221037536832
44730,30.78876029610996,-86.15517833820826
34607,30.21944175545,-82.40111842481707
27518,32.257120451521686,-106.48044686613372
23674,45.74166807834834,-108.99327793605553
34591,43.409989293502974,-89.75013115057011
24264,41.34398833984125,-112.5953179973092
23969,35.97047182341984,-77.5215094089748
30166,37.18609563118248,-94.19355036846841
28719,31.41133229184305,-111.06157385617763
19298,26.783581932062024,-88.3654107571952
38959,32.944973361291574,-70.13296310023378
21636,36.894010143816786,-119.32060058432587
38303,26.375513116463978,-117.76732318313033
42333,27.117599249370556,-75.90116862878963
38907,31.312605589229612,-117.7531548496882
47262,33.80992896622628,-121.75560394687969
13077,34.43960346684892,-104.16795688035104
33014,27.829265590912122,-97.39776455946894
38968,30.41971250883493,-91.54166710863069
17605,31.27953404952661,-95.08388674383775
34745,26.62323702882991,-71.94847992848753
48546,32.82639281415273,-80.18591827767668
41058,26.733317746132172,-67.92281541588248
16515,41.88298823463208,-96.84204087615663
44488,34.265146397375446,-119.1932122391668
40630,32.842057345080995,-69.53475335225615
10729,28.036532116086565,-123.76554978942146
44997,30.4360877306775,-79.76252721117424
16898,30.584925014538968,-122.21692424601427
23634,48.64490115695927,-80.6107911328566
36949,45.04838510820384,-70.53748042866091
46349,25.36629499920236,-101.81216305213033
29119,39.80407817844352,-110.2650034804761
34601,31.14184231412617,-111.10208830682564
46964,27.505046291670023,-95.97209428343841
46688,41.93439431487411,-114.25943896186288
23611,28.15853318724038,-85.6433530523964
47048,35.649778708713654,-103.00391562316263
32521,40.17196395615818,-105.58275893301423
30163,38.30787414771973,-97.70672215338195
31964,48.46309835926583,-93.07251236093414
16735,43.85782271494054,-115.90997505124864
20453,43.580641027059755,-83.65748826357992
19464,33.53428945794475,-73.6720153053964
21501,25.2014918100194,-108.15474577653264
22492,42.625862312096515,-113.71771859571936
46215,48.99357002309614,-80.65119084801337
26634,34.74109858584677,-113.53812174535798
28203,48.65244397497082,-121.64845585931147
21124,28.400994628824314,-88.7031364381816
40641,32.116296439281214,-110.33416927059504
30222,29.097446361819294,-114.2068066910721
47995,36.40422335024358,-68.04864372227314
10624,44.12755363617329,-107.36369594621553
48640,33.17588059691089,-72.50373245771446
11784,46.74949449164492,-113.84153034434955
40032,38.07592991991484,-77.31830347244119
44903,36.17018592980506,-95.38492423623653
46213,43.88886021268663,-119.52009816038827
26041,27.43464392900283,-82.18449826231637
10740,43.57005930905619,-73.15181781111754
24563,30.83084800414784,-114.70803155087528
16253,31.739501132397702,-82.64135618683801
34043,39.386890559681916,-98.63200641283194
18435,46.64642620110892,-81.02938416436706
32955,38.881766794500756,-83.30610695343758
15134,40.574784371067686,-122.48378686360869
24181,43.63827015052658,-113.81290094987216
46901,31.22379421581968,-97.15144715286036
43088,44.85360814729942,-70.78513220101142
35987,35.0310435776116,-104.50181296497631
11697,29.2157366437879,-88.15421219402964
47634,33.402833907067,-123.31122650567755
41892,30.907146681237407,-83.46576547182418
17679,30.4891265232555,-89.62510902309015
16821,31.781516769259987,-83.22249944290135
41520,29.34233955381015,-72.43434505757814
47041,41.02484216998343,-115.64956081228483
27301,38.919802168842814,-109.08939302754018
12825,40.56260543160228,-67.24048914641591
37613,33.249393371875854,-115.09181436495126
32014,43.47360166177707,-82.9242606280165
36187,28.110609782899953,-82.67067310087859
39263,38.707281027072646,-85.06935646457254
30060,31.610871333915373,-111.03588640906908
18960,37.66263761674267,-111.73735839680937
46554,32.76729220576574,-86.01855912201708
18541,43.97228236219109,-113.38373948582469
47965,46.390524132114265,-86.29089009078936
23504,42.82194936091915,-95.92588792455687
24655,29.214009108381923,-101.96215454398511
24300,31.596805561320696,-106.8867560854571
38860,47.06459357244198,-69.98811480058235
36057,35.49328306379683,-95.03866150866111
20388,47.588329824382406,-92.00863813687516
30835,34.418840532694404,-69.89240317285322
42736,47.84259185417593,-86.72899286846338
28026,47.21773570559994,-69.40238311786084
13318,40.85264535967879,-117.93709579020619
19003,25.211849163076067,-75.74154098897299
22783,34.60803236742248,-104.88136620268382
19097,46.8696431126943,-77.80221107099055
27747,46.24264693859475,-75.22871242088623
48394,29.49730720230673,-108.52519048987432
19758,34.58037990325846,-100.6966548586177
18795,45.05223826910732,-82.61718180405046
22013,38.8690684780013,-118.35382903887268
16778,45.335181602708815,-80.93458854265762
20405,44.837617226765516,-117.70304321487959
31275,46.77956816685959,-71.87602326072069
30934,27.81329411666996,-108.24866028210785
42458,28.485163394884374,-91.19083722856072
14528,26.98741669525726,-117.32225049565245
37143,47.44645218629036,-108.63889018423872
16231,36.403897225069436,-100.97456252123499
49156,26.543806803578754,-96.23821402906819
28160,32.71671766033699,-123.99615263414526
38553,33.4339033871192,-73.34662154431331
22261,44.42943576344217,-123.562535855144
31255,42.65144541210215,-79.89997990931778
30574,41.54528918950166,-97.17700199568685
31154,25.52472526219309,-94.13883858062155
24558,46.856699114233095,-112.12886767793117
26768,30.173326405977797,-89.38000403029486
18099,40.097473712624264,-93.37778117734123
13016,26.48365703227406,-114.63852482264316
28843,26.956626204929307,-110.4272169230945
37901,25.22985510712293,-120.18649314628995
11736,38.582263469087934,-120.2218363909012
28206,40.10511207080572,-123.21478020071169
38755,26.21109527759749,-111.43296344746423
24023,31.97163723433693,-85.25931003836783
47876,45.4349059402724,-105.9757228758857
23488,27.431400803749938,-104.46414661755954
39679,30.19713194927995,-116.48139258443965
10040,35.18538900333825,-91.19817194358407
29334,45.21457846319478,-104.49781243183597
32609,31.116377307404903,-85.44994220447776
36760,48.93128836872021,-81.73681027597445
30524,33.52628351532468,-90.67250611084222
16053,34.274767803606956,-108.26403640171394
10655,27.930548901539062,-95.0093554377765
37459,41.32474962055674,-109.63994413310871
10323,30.84316438682756,-72.53396838482666
26534,40.09282228708111,-80.31601224529425
44571,30.35578548167024,-95.89866335768272
44238,34.30893441343523,-68.96894283884563
23655,45.560130206906024,-92.8349395363793
14968,42.73374187537768,-105.27347781345395
49305,28.710181598649363,-118.55836385473931
27704,39.58499601697844,-93.00649824563543
15754,40.08737564017142,-74.9562531398633
33681,27.173643364044665,-74.59703249508243
48632,36.17933570406246,-89.53967719908334
40753,31.25604149602259,-101.57401329564988
46063,36.211123426323596,-86.93311043883125
32909,43.649703791749005,-80.55799979013474
10962,28.798229435447674,-100.5373872895348
27999,27.959300934113053,-96.85351235474926
44212,31.46359588253855,-85.20487047945724
12757,47.854610808318,-74.03080145214346
18249,42.94778106843919,-78.91240844589032
34411,25.466940707549117,-122.72369194874013
30988,34.624116219601035,-116.9107764042785
27935,31.177551497929244,-75.39164372372525
36259,40.31546964093218,-76.47209880143308
26176,36.02301888482064,-101.83801336052358
31220,48.14796459673458,-90.69615842561305
17094,30.255482823621715,-72.36683600156715
10857,39.10855398397457,-72.0411551825955
44646,41.80504035976534,-79.36370779162922
48744,44.81354774428916,-112.0534305134983
36004,34.76730473027217,-82.37387998082514
33615,41.486125783779556,-118.23738935621778
22212,32.27683531322279,-73.04550781108956
30078,35.451426216683686,-115.49851819601326
30459,46.49505114888158,-86.24612751364731
19712,47.79778262394291,-89.21613336761612
49591,42.25161632625435,-79.71671961486376
37762,33.984445378628436,-92.56008236556804
14918,44.681386959391936,-120.60470520358326
12992,25.620809961410085,-83.7667635194835
44417,27.465901852946104,-102.16019014638972
45051,40.87296967300867,-105.74375493051073
22573,31.98996580648138,-67.47460767657711
11930,47.83326924161147,-90.34721334029553
16420,35.46545469021531,-83.48901282364355
17251,35.30475568934025,-93.99941019466804
17779,41.27390824458235,-80.11155918075579
38808,43.42164549534855,-81.13185407650141
26751,36.413409715003276,-86.54267140623085
29918,30.136021641081378,-67.12864549770472
12296,43.55940742541492,-97.79176855726115
31525,32.68843059696706,-83.74703614700516
37383,29.202658463052583,-78.52665612011967
11457,40.159364558200316,-102.56602155311097
22387,27.17088800776841,-97.94102342944373
23177,48.312464202065314,-68.75746581573664
17638,40.17753434589129,-122.15941202378333
25633,48.661492502122144,-104.88814772422788
13281,33.13344216348727,-96.28586114669581
28264,48.30892386856955,-123.91649539505616
24565,28.493493945486968,-72.74975524262314
37064,25.976674536328684,-107.68406918790696
39164,25.79161745091046,-109.31082456976168
27817,36.15688889438145,-77.2414068648367
42593,26.992100739486276,-108.1549559753589
47785,37.29202922002244,-86.51551214758473
38348,32.86001208421361,-77.17432079758832
22903,33.05509581937878,-78.82881968050877
26711,40.254615917084074,-79.42880796672205
47798,28.914352147638883,-118.94765851768162
36353,43.397280888153546,-119.44872284837524
11682,38.968742074687235,-106.51410796296892
19288,46.95867109234026,-121.95097077182699
42772,33.75617569042056,-95.47550501840193
49447,48.585159809611014,-101.49742222259755
35002,38.819863521136554,-92.2495229850405
33058,48.36164694850081,-106.96905329582765
32602,25.64945569713077,-96.31202182954566
49139,42.47143173789731,-104.91954834603393
17096,44.59891658302567,-112.87313874327141
28955,26.276158880235702,-86.98609917514455
34672,38.895271936389896,-85.61415361454644
45332,44.24661504614676,-76.73379351326425
